system/product_image/image/1/1840.jpg,The specified key does not exist.
system/product_image/image/2/1841.jpg,The specified key does not exist.
system/product_image/image/3/1842.jpg,The specified key does not exist.
system/product_image/image/4/1843.jpg,The specified key does not exist.
system/product_image/image/7/1846.jpg,The specified key does not exist.
system/product_image/image/8/1847.jpg,The specified key does not exist.
system/product_image/image/9/1848.jpg,The specified key does not exist.
system/product_image/image/1/1840.jpg,The specified key does not exist.
system/product_image/image/2/1841.jpg,The specified key does not exist.
system/product_image/image/3/1842.jpg,The specified key does not exist.
system/product_image/image/4/1843.jpg,The specified key does not exist.
system/product_image/image/7/1846.jpg,The specified key does not exist.
system/product_image/image/8/1847.jpg,The specified key does not exist.
system/product_image/image/9/1848.jpg,The specified key does not exist.
system/product_image/image/1/1840.jpg,The specified key does not exist.
system/product_image/image/2/1841.jpg,The specified key does not exist.
system/product_image/image/3/1842.jpg,The specified key does not exist.
system/product_image/image/4/1843.jpg,The specified key does not exist.
system/product_image/image/7/1846.jpg,The specified key does not exist.
system/product_image/image/8/1847.jpg,The specified key does not exist.
system/product_image/image/9/1848.jpg,The specified key does not exist.
system/product_image/image/1/1840.jpg,The specified key does not exist.
system/product_image/image/2/1841.jpg,The specified key does not exist.
system/product_image/image/3/1842.jpg,The specified key does not exist.
system/product_image/image/4/1843.jpg,The specified key does not exist.
system/product_image/image/7/1846.jpg,The specified key does not exist.
system/product_image/image/8/1847.jpg,The specified key does not exist.
system/product_image/image/9/1848.jpg,The specified key does not exist.
system/product_image/image/1/1840.jpg,The specified key does not exist.
system/product_image/image/2/1841.jpg,The specified key does not exist.
system/product_image/image/3/1842.jpg,The specified key does not exist.
system/product_image/image/4/1843.jpg,The specified key does not exist.
system/product_image/image/7/1846.jpg,The specified key does not exist.
system/product_image/image/8/1847.jpg,The specified key does not exist.
system/product_image/image/9/1848.jpg,The specified key does not exist.
system/product_image/image/32953/MIF_3771_1_.jpg,The specified key does not exist.
system/product_image/image/32960/MIF_3771.jpg,The specified key does not exist.
system/product_image/image/103646/307-21534-39391-379625-46-52573-3.jpg,The specified key does not exist.
system/product_image/image/103647/307-21534-39391-379625-46-52573-4.jpg,The specified key does not exist.
142124,Variant for product_image 142124 not found
system/product_image/image/156928/v1-251-35092-62998-8134-46-82733-2.jpg,The specified key does not exist.
system/product_image/image/156929/v1-251-35092-62998-8134-46-82733.jpg,The specified key does not exist.
system/product_image/image/156930/v1-251-35092-62999-8134-46-82734-3.jpg,The specified key does not exist.
system/product_image/image/156931/v1-251-35092-62999-8134-46-82734-4.jpg,The specified key does not exist.
system/product_image/image/168330/v1-251-36737-66342-9123-46-87007-2.jpg,The specified key does not exist.
system/product_image/image/168331/v1-251-36737-66342-9123-46-87007.jpg,The specified key does not exist.
system/product_image/image/170285/v1-560-37794-67411-9375-28-88391.jpg,The specified key does not exist.
system/product_image/image/170286/v1-560-37795-67412-9375-28-88392.jpg,The specified key does not exist.
system/product_image/image/170733/v1-560-37794-67411-9375-28-88391.jpg,The specified key does not exist.
system/product_image/image/170734/v1-560-37795-67412-9375-28-88392.jpg,The specified key does not exist.
system/product_image/image/180928/v1-314-39314-70526-10020-46-92676-2.jpg,The specified key does not exist.
system/product_image/image/180929/v1-314-39314-70526-10020-46-92676-3.jpg,The specified key does not exist.
system/product_image/image/180931/v1-314-39314-70526-10020-46-92676.jpg,The specified key does not exist.
system/product_image/image/180932/v1-314-39314-70527-10020-46-92677-2.jpg,The specified key does not exist.
system/product_image/image/180933/v1-314-39314-70527-10020-46-92677.jpg,The specified key does not exist.
system/product_image/image/180934/v1-314-39314-70528-10020-46-92678-2.jpg,The specified key does not exist.
system/product_image/image/180935/v1-314-39314-70528-10020-46-92678.jpg,The specified key does not exist.
system/product_image/image/180936/v1-314-39314-70531-10020-46-92681-2.jpg,The specified key does not exist.
system/product_image/image/180937/v1-314-39314-70531-10020-46-92681.jpg,The specified key does not exist.
system/product_image/image/184255/v1-114-40015-71953-10322-82-94530-2.jpg,The specified key does not exist.
system/product_image/image/184256/v1-114-40015-71953-10322-82-94530-3.jpg,The specified key does not exist.
system/product_image/image/184257/v1-114-40015-71953-10322-82-94530-4.jpg,The specified key does not exist.
system/product_image/image/184258/v1-114-40015-71953-10322-82-94530.jpg,The specified key does not exist.
system/product_image/image/184306/v1-250-39984-71892-10306-46-94455-2.jpg,The specified key does not exist.
system/product_image/image/184307/v1-250-39984-71892-10306-46-94455-3.jpg,The specified key does not exist.
system/product_image/image/184308/v1-250-39984-71892-10306-46-94455-4.jpg,The specified key does not exist.
system/product_image/image/184309/v1-250-39984-71892-10306-46-94455.jpg,The specified key does not exist.
system/product_image/image/193534/v1-597-41492-75368-11074-64-99265-2.jpg,The specified key does not exist.
system/product_image/image/193535/v1-597-41492-75368-11074-64-99265-3.jpg,The specified key does not exist.
system/product_image/image/193536/v1-597-41492-75368-11074-64-99265.jpg,The specified key does not exist.
system/product_image/image/196408/v1-491-39297-76227-11263-70-100367-2.jpg,The specified key does not exist.
system/product_image/image/196409/v1-491-39297-76227-11263-70-100367.jpg,The specified key does not exist.
system/product_image/image/196414/v1-491-39297-76230-11263-70-100378-2.jpg,The specified key does not exist.
system/product_image/image/196415/v1-491-39297-76230-11263-70-100378.jpg,The specified key does not exist.
system/product_image/image/197767/v1-314-42079-76742-11404-46-101061-2.jpg,The specified key does not exist.
system/product_image/image/197768/v1-314-42079-76742-11404-46-101061-3.jpg,The specified key does not exist.
system/product_image/image/197769/v1-314-42079-76742-11404-46-101061-4.jpg,The specified key does not exist.
system/product_image/image/197770/v1-314-42079-76742-11404-46-101061.jpg,The specified key does not exist.
